name,domain
Abilene Christian University,acu.edu
Academy Of Art University,academyart.edu
Acadia University,acadiau.ca
Adams State University,adams.edu
Adelphi University,adelphi.edu
Adrian College,adrian.edu
Agnes Scott College,agnesscott.edu
Alabama Agricultural And Mechanical University,aamu.edu
Alabama State University,alasu.edu
Alaska Bible College,akbible.edu
Alaska Pacific University,alaskapacific.edu
Albany College Pharmacy And Health Sciences,acphs.edu
Albany State University,asurams.edu
Albertus Magnus College,albertus.edu
Albion College,albion.edu
Albright College,alb.edu
Alcorn State University,alcorn.edu
Alderson Broaddus University,ab.edu
Alfred University,alfred.edu
Alice Lloyd College,alc.edu
Allegheny College,allegheny.edu
Allen College,allencollege.edu
Allen University,allenuniversity.edu
Alma College,alma.edu
Alvernia University,alvernia.edu
Alverno College,alverno.edu
American Baptist College,abcnash.edu
American International College,aic.edu
American Jewish University,aju.edu
American University,american.edu
American University Beirut Aub,aub.edu.lb
American University Bulgaria,aubg.edu
American University Paris,aup.edu
American University Rome,aur.edu
Amherst College,amherst.edu
Anderson University,anderson.edu
Andrews University,andrews.edu
Angelo State University,angelo.edu
Anna Maria College,annamaria.edu
Antioch College,antiochcollege.edu
Appalachian Bible College,abc.edu
Appalachian State University,appstate.edu
Aquinas College,aquinas.edu
Aquinas College,aquinascollege.edu
Arcadia University,arcadia.edu
Arizona Christian University,arizonachristian.edu
Arizona State University,asu.edu
Arkansas Baptist College,arkansasbaptist.edu
Arkansas State University,astate.edu
Arkansas Tech University,atu.edu
Arlington Baptist University,arlingtonbaptistcollege.edu
Art Academy Cincinnati,artacademy.edu
Art Center College Of Design,artcenter.edu
Asbury University,asbury.edu
Ashland University,ashland.edu
Assumption College,assumption.edu
Athens State University,athens.edu
Auburn University,auburn.edu
Auburn University At Montgomery,aum.edu
Augsburg University,augsburg.edu
Augusta University,augusta.edu
Augustana College Illinois,augustana.edu
Augustana University South Dakota,augie.edu
Aurora University,aurora.edu
Austin College,austincollege.edu
Austin Graduate School Of Theology,austingrad.edu
Austin Peay State University,apsu.edu
Ave Maria University,avemaria.edu
Averett University,averett.edu
Avila University,avila.edu
Azusa Pacific University,apu.edu
Babson College,babson.edu
Baker University,bakeru.edu
Baldwin Wallace University,bw.edu
Ball State University,bsu.edu
Baptist College Of Florida,baptistcollege.edu
Baptist College Of Health Sciences,bchs.edu
Barclay College,barclaycollege.edu
Bard College,bard.edu
Bard College Berlin,berlin.bard.edu
Bard College Simons Rock Early College,simons-rock.edu
Barnard College,barnard.edu
Barry University,barry.edu
Barton College,barton.edu
Bastyr University,bastyr.edu
Bates College,bates.edu
Bay Path University,baypath.edu
Baylor University,baylor.edu
Beacon College,beaconcollege.edu
Becker College,becker.edu
Belhaven University,belhaven.edu
Bellarmine University,bellarmine.edu
Bellarmine University,bellarmine.edu
Belmont Abbey College,bac.edu
Belmont University,belmont.edu
Belmont University,belmont.edu
Beloit College,beloit.edu
Bemidji State University,bemidjistate.edu
Benedict College,benedict.edu
Benedictine College,benedictine.edu
Benedictine College,benedictine.edu
Benedictine University Az,ben.edu
Benedictine University Il,ben.edu
Bennett College,bennett.edu
Bennington College,bennington.edu
Bentley University,bentley.edu
Berea College,berea.edu
Berklee College Of Music,berklee.edu
Berry College,berry.edu
Bethany College,bethanywv.edu
Bethany College,bethanylb.edu
Bethany Lutheran College,blc.edu
Bethel College,bethelcollege.edu
Bethel College,bethelks.edu
Bethel University,bethelu.edu
Bethel University,bethel.edu
Bethune Cookman University,cookman.edu
Beulah Heights University,beulah.edu
Biola University,biola.edu
Birmingham Southern College,bsc.edu
Birmingham Southern College,bsc.edu
Bishops University,ubishops.ca
Black Hills State University,bhsu.edu
Blackburn College,blackburn.edu
Blessing Rieman College Of Nursing,brcn.edu
Bloomfield College,bloomfield.edu
Bloomsburg University Of Pennsylvania,bloomu.edu
Blue Mountain College,bmc.edu
Bluefield College,bluefield.edu
Bluefield State College,bluefieldstate.edu
Bluffton University,bluffton.edu
Bob Jones University,bju.edu
Boise State University,boisestate.edu
Boston College,bc.edu
Boston College,bc.edu
Bowdoin College,bowdoin.edu
Bowie State University,bowiestate.edu
Bowling Green State University,bgsu.edu
Bradley University,bradley.edu
Brandeis University,brandeis.edu
Brenau University,brenau.edu
Brescia University,brescia.edu
Brevard College,brevard.edu
Brewton Parker College,bpc.edu
Briar Cliff University,briarcliff.edu
Bridgewater College,bridgewater.edu
Bridgewater State University,bridgew.edu
Brigham Young University Hawaii,byuh.edu
Brigham Young University Idaho,byui.edu
Brigham Young University Provo,byu.edu
Brown University,brown.edu
Bryan College,bryan.edu
Bryant University,bryant.edu
Bryn Athyn College,brynathyn.edu
Bryn Mawr College,brynmawr.edu
Bucknell University,bucknell.edu
Buena Vista University,bvu.edu
Butler University,butler.edu
Cabarrus College Of Health Sciences,cabarruscollege.edu
Cabrini University,cabrini.edu
Cairn University,cairn.edu
Caldwell University,caldwell.edu
California Baptist University,calbaptist.edu
California College Arts,cca.edu
California College Of The Arts,cca.edu
California Institute Of The Arts,calarts.edu
California Institute Technology Caltech,caltech.edu
California Lutheran University,callutheran.edu
California Maritime Academy,csum.edu
California State Polytechnic University Pomona,cpp.edu
California State University Bakersfield,csub.edu
California State University Chico,csuchico.edu
California State University Dominguez Hills,csudh.edu
California State University East Bay,csueastbay.edu
California State University Fresno,csufresno.edu
California State University Fullerton,fullerton.edu
California State University Long Beach,csulb.edu
California State University Los Angeles,calstatela.edu
California State University Monterey Bay,csumb.edu
California State University Northridge,csun.edu
California State University Sacramento,csus.edu
California State University San Bernardino,csusb.edu
California State University San Marcos,csusm.edu
California State University Stanislaus,csustan.edu
California University Of Pennsylvania,calu.edu
California University Pennsylvania,calu.edu
Calumet College Of St Joseph,ccsj.edu
Calvary University,calvary.edu
Calvin College,calvin.edu
Cambridge College,cambridgecollege.edu
Cameron University,cameron.edu
Campbellsville University,campbellsville.edu
Canisius College,canisius.edu
Capital University,capital.edu
Capitol Technology University,captechu.edu
Cardinal Stritch University,stritch.edu
Caribbean University,caribbean.edu
Carleton College,carleton.edu
Carlow University,carlow.edu
Carroll College,carroll.edu
Carroll College Montana,carroll.edu
Carroll University,carrollu.edu
Carson Newman University,cn.edu
Carthage College,carthage.edu
Castleton University,castleton.edu
Catawba College,catawba.edu
Catawba College,catawba.edu
Catholic University America,cua.edu
Cazenovia College,cazenovia.edu
Cedar Crest College,cedarcrest.edu
Cedarville University,cedarville.edu
Centenary College Louisiana,centenary.edu
Centenary University,centenaryuniversity.edu
Centenary University,centenaryuniversity.edu
Central Christian College Of Kansas,centralchristian.edu
Central College,central.edu
Central Connecticut State University,ccsu.edu
Central Methodist University,centralmethodist.edu
Central Michigan University,cmich.edu
Central Penn College,centralpenn.edu
Central State University,centralstate.edu
Central Washington University,cwu.edu
Centre College,centre.edu
Chadron State College,csc.edu
Chaminade University Honolulu,chaminade.edu
Champlain College,champlain.edu
Chapman University,chapman.edu
Charles R Drew University Medicine And Science,cdrewu.edu
Charleston Southern University,csuniv.edu
Charter Oak State College,charteroak.edu
Chatham University,chatham.edu
Chestnut Hill College,chc.edu
Cheyney University Of Pennsylvania,cheyney.edu
Chicago State University,csu.edu
Chipola College,chipola.edu
Chowan University,chowan.edu
Christendom College,christendom.edu
Christian Brothers University,cbu.edu
Christopher Newport University,cnu.edu
Cincinnati Christian University,ccuniversity.edu
Claflin University,claflin.edu
Claremont Mckenna College,cmc.edu
Clarion University Of Pennsylvania,clarion.edu
Clark Atlanta University,cau.edu
Clark University,clarku.edu
Clarke University,clarke.edu
Clarks Summit University,clarkssummitu.edu
Clarkson College,clarksoncollege.edu
Clarkson University,clarkson.edu
Clayton State University,clayton.edu
Clear Creek Baptist Bible College,ccbbc.edu
Cleary University,cleary.edu
Clemson University,clemson.edu
Cleveland Institute Of Music,cim.edu
Cleveland State University,csuohio.edu
Coastal Carolina University,coastal.edu
Coe College,coe.edu
Cogswell Polytechnical College,cogswell.edu
Coker College,coker.edu
Colby College,colby.edu
Colby Sawyer College,colby-sawyer.edu
Colgate University,colgate.edu
College Of Charleston,cofc.edu
College of Idaho,collegeofidaho.edu
College of Mount Saint Vincent,mountsaintvincent.edu
College Of Mount St Vincent,mountsaintvincent.edu
College of New Jersey,tcnj.edu
College of New Rochelle,cnr.edu
College Of Saint Benedict,csbsju.edu
College of Saint Elizabeth,cse.edu
College of Saint Rose,strose.edu
College Of St Mary,csm.edu
College Of Staten Island Cuny,csi.cuny.edu
College of the Atlantic Atlantic,coa.edu
College of the Holy Cross,holycross.edu
College Of The Ozarks,cofo.edu
College of William & Mary,wm.edu
College St Joseph,csj.edu
College St Scholastica,css.edu
College Wooster,wooster.edu
Colorado Christian University,ccu.edu
Colorado College,coloradocollege.edu
Colorado Mesa University,coloradomesa.edu
Colorado School Of Mines,mines.edu
Colorado State University,colostate.edu
Colorado State University Pueblo,csupueblo.edu
Columbia College,ccis.edu
Columbia College,columbiasc.edu
Columbia College Chicago,colum.edu
Columbia College Hollywood,columbiacollege.edu
Columbia International University,ciu.edu
Columbus College Of Art And Design,ccad.edu
Columbus State University,columbusstate.edu
Concord University,concord.edu
Concordia College,concordia-ny.edu
Concordia College Moorhead,cord.edu
Concordia University Chicago,CUChicago.edu
Concordia University Irvine,cui.edu
Concordia University Irvine,cui.edu
Concordia University Nebraska,cune.edu
Concordia University Portland Or,cu-portland.edu
Concordia University St Paul,csp.edu
Concordia University St Paul,csp.edu
Concordia University Texas,concordia.edu
Concordia University Wisconsin,cuw.edu
Connecticut College,conncoll.edu
Conservatory Of Music Of Puerto Rico,cmpr.edu
Converse College,converse.edu
Cooper Union Advancement Science And Art,cooper.edu
Coppin State University,coppin.edu
Corban University,corban.edu
Cornell College,cornellcollege.edu
Cornerstone University,cornerstone.edu
Cornish College Of The Arts,cornish.edu
Covenant College,covenant.edu
Creighton University,creighton.edu
Criswell College,criswell.edu
Crown College,crown.edu
Culinary Institute America Ny,culinary.edu
Culver Stockton College,culver.edu
Cumberland University,cumberland.edu
Cuny Baruch College,baruch.cuny.edu
Cuny City College,ccny.cuny.edu
Cuny Hunter College,hunter.cuny.edu
Cuny John Jay College Of Criminal Justice,jjay.cuny.edu
Cuny Lehman College,lehman.cuny.edu
Cuny Medgar Evers College,mec.cuny.edu
Cuny New York City College Of Technology,citytech.cuny.edu
Cuny Queens College,qc.cuny.edu
Cuny York College,york.cuny.edu
Curry College,curry.edu
Daemen College,daemen.edu
Dakota State University,dsu.edu
Dakota Wesleyan University,dwu.edu
Dallas Baptist University,dbu.edu
Dallas Christian College,dallas.edu
Dalton State College,daltonstate.edu
Dartmouth College,dartmouth.edu
Davenport University,davenport.edu
Davidson College,davidson.edu
Davis Elkins College,dewv.edu
Dean College,dean.edu
Dean College,dean.edu
Defiance College,defiance.edu
Delaware State University,desu.edu
Delaware Valley University,delval.edu
Delta State University,deltastate.edu
Denison University,denison.edu
Denison University,denison.edu
Depaul University,depaul.edu
Depauw University,depauw.edu
Desales University,desales.edu
Dickinson College,dickinson.edu
Dickinson State University,dickinsonstate.edu
Digipen Institute Of Technology,digipen.edu
Dillard University,dillard.edu
Dixie State University,dixie.edu
Doane University,doane.edu
Dominican College,dc.edu
Dominican University,dom.edu
Dominican University California,dominican.edu
Dordt College,dordt.edu
Doshisha University Institute Liberal Arts,mail.doshisha.ac.jp
Drake University,drake.edu
Drew University,drew.edu
Drexel University,drexel.edu
Drury University,drury.edu
Duquesne University,duq.edu
Durham University,durham.ac.uk
Dyouville College,dyc.edu
Earlham College,earlham.edu
Earlham College,earlham.edu
East Carolina University,ecu.edu
East Central University,ecok.edu
East Stroudsburg University Of Pennsylvania,esu.edu
East Tennessee State University,etsu.edu
East Texas Baptist University,etbu.edu
East West University,eastwest.edu
Eastern Connecticut State University,easternct.edu
Eastern Illinois University,eiu.edu
Eastern Kentucky University,eku.edu
Eastern Mennonite University,emu.edu
Eastern Michigan University,emich.edu
Eastern Nazarene College,enc.edu
Eastern New Mexico University,enmu.edu
Eastern Oregon University,eou.edu
Eastern University,eastern.edu
Eastern Washington University,ewu.edu
Eckerd College,eckerd.edu
Edgewood College,edgewood.edu
Edinboro University Pennsylvania,edinboro.edu
Edward Waters College,ewc.edu
Elizabeth City State University,ecsu.edu
Elizabethtown College,etown.edu
Elmhurst College,elmhurst.edu
Elmira College,elmira.edu
Elms College,elms.edu
Elon University,elon.edu
Embry Riddle Aeronautical University Daytona Beach,erau.edu
Embry Riddle Aeronautical University Prescott,erau.edu
Embry Riddle Aeronautical University Worldwide Campus,erau.edu
Emerson College,emerson.edu
Emily Carr University Of Art Design,ecuad.ca
Emmanuel College,emmanuel.edu
Emmanuel College Ga,ec.edu
Emmanuel College Ma,emmanuel.edu
Emmaus Bible College,emmaus.edu
Emory Henry College,ehc.edu
Emory University,emory.edu
Emporia State University,emporia.edu
Endicott College,endicott.edu
Erskine College,erskine.edu
Escp Europe Business School,escpeurope.eu
Eugene Lang College The New School For Liberal Arts,newschool.edu
Eureka College,eureka.edu
Evangel University,evangel.edu
Evergreen State College,evergreen.edu
Fairfield University,fairfield.edu
Fairleigh Dickinson University,fdu.edu
Fairmont State University,fairmontstate.edu
Faith Baptist Bible College And Theological Seminary,faith.edu
Fashion Institute Of Technology,fitnyc.edu
Faulkner University,faulkner.edu
Fayetteville State University,uncfsu.edu
Felician University,felician.edu
Ferris State University,ferris.edu
Ferrum College,ferrum.edu
Fisher College,fisher.edu
Fisk University,fisk.edu
Fitchburg State University,fitchburgstate.edu
Five Towns College,ftc.edu
Flagler College,flagler.edu
Flashpoint Chicago Campus Columbia College Hollywood,columbiacollege.edu
Florida Agricultural Mechanical University,famu.edu
Florida Atlantic University,fau.edu
Florida College,floridacollege.edu
Florida Gulf Coast University,fgcu.edu
Florida Institute Technology,fit.edu
Florida International University,fiu.edu
Florida Memorial University,fmuniv.edu
Florida National University,fnu.edu
Florida Polytechnic University,flpoly.org
Florida Southern College,flsouthern.edu
Florida State University,fsu.edu
Fontbonne University,fontbonne.edu
Fordham University,fordham.edu
Fort Hays State University,fhsu.edu
Fort Lewis College,fortlewis.edu
Fort Valley State University,fvsu.edu
Framingham State University,framingham.edu
Francis Marion University,fmarion.edu
Franciscan Missionaries Of Our Lady University,ololcollege.edu
Franciscan University Of Steubenville,franciscan.edu
Franklin College,franklincollege.edu
Franklin Marshall College,fandm.edu
Franklin Pierce University,franklinpierce.edu
Franklin University Switzerland,fus.edu
Franklin W Olin College Engineering,olin.edu
Freed Hardeman University,fhu.edu
Fresno Pacific University,fresno.edu
Friends University,friends.edu
Frostburg State University,frostburg.edu
Furman University,furman.edu
Gallaudet University,gallaudet.edu
Gannon University,gannon.edu
Gardner Webb University,gardner-webb.edu
George Fox University,georgefox.edu
George Mason University,gmu.edu
George Washington University,gwu.edu
Georgetown College,georgetowncollege.edu
Georgetown University,georgetown.edu
Georgia College,gcsu.edu
Georgia Gwinnett College,ggc.edu
Georgia Southern University Armstrong And Liberty Campuses,georgiasouthern.edu
Georgia Southwestern State University,gsw.edu
Georgia State University,gsu.edu
Georgian Court University,georgian.edu
Gettysburg College,gettysburg.edu
Glenville State College,glenville.edu
Goddard College,goddard.edu
Goldey Beacom College,gbc.edu
Goldfarb School Of Nursing At Barnes Jewish College,bjc.org
Gonzaga University,gonzaga.edu
Gordon College,gordon.edu
Gordon State College,gordonstate.edu
Goshen College,goshen.edu
Goucher College,goucher.edu
Governors State University,govst.edu
Grace Bible College,gbcol.edu
Grace College Seminary,grace.edu
Graceland University,graceland.edu
Grambling State University,gram.edu
Grand Canyon University,gcu.edu
Grand Valley State University,gvsu.edu
Grand View University,grandview.edu
Granite State College,granite.edu
Great Basin College,gbcnv.edu
Green Mountain College,greenmtn.edu
Greensboro College,greensboro.edu
Greenville University,greenville.edu
Grinnell College,grinnell.edu
Grove City College,gcc.edu
Guilford College,guilford.edu
Gustavus Adolphus College,gustavus.edu
Gwynedd Mercy University,gmercyu.edu
Hamilton College,hamilton.edu
Hamline University Mn,hamline.edu
Hampden Sydney College,hsc.edu
Hampden Sydney College,hsc.edu
Hampshire College,hampshire.edu
Hampton University,hamptonu.edu
Hannibal Lagrange University,hlg.edu
Hanover College,hanover.edu
Hardin Simmons University,hsutx.edu
Harding University,harding.edu
Harris Stowe State University,hssu.edu
Harrisburg University Science And Technology,HarrisburgU.edu
Hartwick College,hartwick.edu
Harvard College,fas.harvard.edu
Harvey Mudd College,hmc.edu
Hastings College,hastings.edu
Haverford College,haverford.edu
Hawaii Pacific University,hpu.edu
Heidelberg University,heidelberg.edu
Hellenic College,hchc.edu
Henderson State University,hsu.edu
Hendrix College,hendrix.edu
High Point University,highpoint.edu
Hilbert College,hilbert.edu
Hillsdale College,hillsdale.edu
Hiram College,hiram.edu
Hobart And William Smith Colleges,hws.edu
Hodges University,hodges.edu
Hofstra University,hofstra.edu
Hollins University,hollins.edu
Holy Cross College,hcc-nd.edu
Holy Family University,holyfamily.edu
Holy Names University,hnu.edu
Hood College,hood.edu
Hood College,hood.edu
Hope College,hope.edu
Houghton College,houghton.edu
Houston Baptist University,hbu.edu
Howard Payne University,hputx.edu
Howard University,howard.edu
Hult International Business School,hult.edu
Humboldt State University,humboldt.edu
Huntingdon College,hawks.huntingdon.edu
Huntingdon College Of Health Sciences,hchs.edu
Huntington University,huntington.edu
Husson University,husson.edu
Huston Tillotson University,htu.edu
Idaho State University,isu.edu
Ie University,ie.edu
Illinois College,mail.ic.edu
Illinois Institute Technology,iit.edu
Illinois State University,illinoisstate.edu
Illinois Wesleyan University,iwu.edu
Immaculata University,immaculata.edu
Indiana Institute Of Technology,indianatech.edu
Indiana State University,indstate.edu
Indiana University Bloomington,indiana.edu
Indiana University East,iue.edu
Indiana University Kokomo,iuk.edu
Indiana University Northwest,iun.edu
Indiana University Of Pennsylvania,iup.edu
Indiana University South Bend,iusb.edu
Indiana University Southeast,ius.edu
Indiana Wesleyan University,indwes.edu
Institute Of American Indian Arts,iaia.edu
Inter American University Of Puerto Rico Aguadilla,aguadilla.inter.edu
Inter American University Of Puerto Rico Fajardo,fajardo.inter.edu
Inter American University Of Puerto Rico Guayama,guayama.inter.edu
Inter American University Of Puerto Rico Ponce,ponce.inter.edu
Inter American University Of Puerto Rico San German,intersg.edu
Iona College,iona.edu
Iowa State University,iastate.edu
Iowa Wesleyan University,iw.edu
IPFW,ipfw.edu
Ithaca College,ithaca.edu
IUPUI,iupui.edu
Jackson State University,jsums.edu
Jacksonville State University,jsu.edu
Jacksonville University,ju.edu
Jacksonville University,ju.edu
Jacobs University Bremen,jacobs-university.de
James Madison University,jmu.edu
Jarvis Christian College,jarvis.edu
Jefferson College Health Sciences,jchs.edu
Jefferson Philadelphia University Thomas Jefferson University,philau.edu
John Brown University,jbu.edu
John Cabot University Rome,johncabot.edu
John Carroll University,jcu.edu
John Paul The Great Catholic University,jpcatholic.com
John Wesley University,johnwesley.edu
Johns Hopkins University,jhu.edu
Johnson C Smith University,jcsu.edu
Johnson University,johnsonu.edu
Johnson University Florida,johnsonu.edu
Johnson Wales University,admissions.jwu.edu
Johnson Wales University,admissions.jwu.edu
Johnson Wales University,admissions.jwu.edu
Johnson Wales University,admissions.jwu.edu
Judson College,judson.edu
Judson University,judsonu.edu
Juilliard School,juilliard.edu
Juniata College,juniata.edu
Juniata College,juniata.edu
Kalamazoo College,kzoo.edu
Kalamazoo College,kzoo.edu
Kansas City Art Institute,kcai.edu
Kansas State University,k-state.edu
Kean University,kean.edu
Keene State College,keene.edu
Kendall College,kendall.edu
Kennesaw State University,kennesaw.edu
Kent State University,kent.edu
Kentucky Christian University,kcu.edu
Kentucky Mountain Bible College,kmbc.edu
Kentucky State University,kysu.edu
Kentucky Wesleyan College,kwc.edu
Kenyon College,kenyon.edu
Kettering University,kettering.edu
Keystone College,keystone.edu
King University,king.edu
Kings College,kings.edu
Knox College,knox.edu
Kutztown University Of Pennsylvania,kutztown.edu
Kuyper College,kuyper.edu
La Roche College,laroche.edu
La Salle University,lasalle.edu
La Sierra University,lasierra.edu
Lafayette College,lafayette.edu
Lagrange College,lagrange.edu
Laguna College Of Art And Design,lcad.edu
Lake Erie College,lec.edu
Lake Forest College,lakeforest.edu
Lake Superior State University,lssu.edu
Lakeland University,lakeland.edu
Lamar University,lamar.edu
Lander University,lander.edu
Lane College,lanecollege.edu
Langston University,langston.edu
Lasell College,lasell.edu
Lawrence Technological University,ltu.edu
Lawrence University,lawrence.edu
Le Moyne College,lemoyne.edu
Leavell College Of New Orleans Baptist Theological Seminary,nobts.edu
Lebanon Valley College,lvc.edu
Lee University,leeuniversity.edu
Lees Mcrae College,lmc.edu
Lehigh University,lehigh.edu
Lemoyne Owen College,loc.edu
Lenoir Rhyne University,lr.edu
Lesley University,lesley.edu
Letourneau University,letu.edu
Lewis Clark College,lclark.edu
Lewis Clark State College,lcsc.edu
Lewis University,lewisu.edu
Liberty University,liberty.edu
Life Pacific College,lifepacific.edu
Life University,life.edu
Lim College,limcollege.edu
Limestone College,limestone.edu
Lincoln Christian University,lincolnchristian.edu
Lincoln Memorial University,lmunet.edu
Lincoln University,lincolnuca.edu
Lincoln University,lincoln.edu
Lincoln University,lincolnu.edu
Lindenwood University,lindenwood.edu
Lindsey Wilson College,lindsey.edu
Linfield College,linfield.edu
Lipscomb University,lipscomb.edu
List College Jewish Theological Seminary,jtsa.edu
Livingstone College,livingstone.edu
Lock Haven University Of Pennsylvania,lockhaven.edu
Long Island University Brooklyn Campus,liu.edu
Long Island University Post Campus,liu.edu
Longwood University,longwood.edu
Loras College,loras.edu
Louisiana College,lacollege.edu
Louisiana State University Am Baton Rouge,lsu.edu
Louisiana State University Shreveport,lsus.edu
Louisiana Tech University,latech.edu
Lourdes University,lourdes.edu
Loyola Marymount University,lmu.edu
Loyola Marymount University,lmu.edu
Loyola University Chicago,luc.edu
Loyola University Maryland,loyola.edu
Loyola University Maryland,loyola.edu
Loyola University New Orleans,loyno.edu
Lubbock Christian University,lcu.edu
Luther College,luther.edu
Luther Rice College Seminary,lutherrice.edu
Lycoming College,lycoming.edu
Lyme Academy College Of Fine Arts,lymefs.newhaven.edu
Lynn University,lynn.edu
Lyon College,lyon.edu
Macalester College,macalester.edu
Macmurray College,mac.edu
Madonna University,madonna.edu
Maharishi University Of Management,mum.edu
Maine College Art,meca.edu
Maine Maritime Academy,mma.edu
Malone University,malone.edu
Manchester University,manchester.edu
Manhattan Christian College,mccks.edu
Manhattan College,manhattan.edu
Manhattan School Of Music,msmnyc.edu
Manhattanville College,mville.edu
Mansfield University Of Pennsylvania,mansfield.edu
Maranatha Baptist University,mbu.edu
Marian University Indiana,marian.edu
Marian University Wisconsin,marianuniversity.edu
Marietta College,marietta.edu
Marist College,marist.edu
Marlboro College,marlboro.edu
Marquette University,mu.edu
Marquette University,marquette.edu
Mars Hill University,mhu.edu
Marshall University,marshall.edu
Martin Luther College,mlc-wels.edu
Martin Methodist College,martinmethodist.edu
Martin University,martin.edu
Mary Baldwin University,marybaldwin.edu
Mary Immaculate College,mic.ul.ie
Marygrove College,marygrove.edu
Maryland Institute College Art,mica.edu
Marylhurst University,marylhurst.edu
Marymount California University,marymountcalifornia.edu
Marymount Manhattan College,mmm.edu
Marymount University,marymount.edu
Maryville College,maryvillecollege.edu
Maryville University St Louis,maryville.edu
Marywood University,marywood.edu
Massachusetts College Art And Design,massart.edu
Massachusetts College Liberal Arts,mcla.edu
Massachusetts College Pharmacy And Health Sciences Mcphs University,mcphs.edu
Massachusetts Institute Of Technology,mit.edu
Massachusetts Maritime Academy,maritime.edu
Maynooth University Ireland,mu.ie
Mayville State University,mayvillestate.edu
Mcdaniel College,mcdaniel.edu
Mckendree University,mckendree.edu
Mcmurry University,mcm.edu
Mcneese State University,mcneese.edu
Mcpherson College,mcpherson.edu
Medaille College,medaille.edu
Medical University Of South Carolina,musc.edu
Memphis College Of Art,mca.edu
Menlo College,menlo.edu
Mercer University,mercer.edu
Mercy College,mercy.edu
Mercy College Of Health Sciences,mchs.edu
Mercyhurst University,mercyhurst.edu
Meredith College,meredith.edu
Merrimack College,merrimack.edu
Messiah College,messiah.edu
Methodist University,methodist.edu
Metropolitan College Of New York,mcny.edu
Metropolitan State University,metrostate.edu
Metropolitan State University Of Denver,msudenver.edu
Miami University Ohio,miamioh.edu
Michigan State University,msu.edu
Michigan Technological University,mtu.edu
Mid America Christian University,macu.edu
Mid Atlantic Christian University,macuniversity.edu
Midamerica Nazarene University,mnu.edu
Middle Georgia State University,mga.edu
Middle Tennessee State University,mtsu.edu
Middlebury College,middlebury.edu
Midland University,midlandu.edu
Midway University,midway.edu
Midwestern State University,mwsu.edu
Miles College,miles.edu
Millersville University,millersville.edu
Milligan College,milligan.edu
Millikin University,millikin.edu
Mills College,mills.edu
Millsaps College,millsaps.edu
Milwaukee Institute Of Art And Design,miad.edu
Milwaukee School Engineering,msoe.edu
Minerva Schools Kgi,minerva.kgi.edu
Minneapolis College Of Art And Design,mcad.edu
Minnesota State University Mankato,mnsu.edu
Minnesota State University Moorhead,mnstate.edu
Minot State University,minotstateu.edu
Misericordia University,misericordia.edu
Mississippi College,mc.edu
Mississippi State University,msstate.edu
Mississippi University For Women,muw.edu
Mississippi Valley State University,mvsu.edu
Missouri Baptist University,mobap.edu
Missouri Southern State University,mssu.edu
Missouri State University,missouristate.edu
Missouri University Science And Technology,mst.edu
Missouri Valley College,moval.edu
Missouri Western State University,missouriwestern.edu
Mitchell College,mitchell.edu
Molloy College,molloy.edu
Monash University,monash.edu
Monmouth College Il,monmouthcollege.edu
Monmouth University,monmouth.edu
Montana State University Billings,msubillings.edu
Montana State University Bozeman,montana.edu
Montana State University Northern,msun.edu
Montana Tech,mtech.edu
Montclair State University,montclair.edu
Montreat College,montreat.edu
Montserrat College Art,montserrat.edu
Moravian College,moravian.edu
Morehead State University,moreheadstate.edu
Morehouse College,morehouse.edu
Morgan State University,morgan.edu
Morningside College,morningside.edu
Morris College,morris.edu
Mount Aloysius College,mtaloy.edu
Mount Carmel College Of Nursing,mccn.edu
Mount Holyoke College,mtholyoke.edu
Mount Marty College,mtmc.edu
Mount Mary University,mtmary.edu
Mount Mercy University,mtmercy.edu
Mount Saint Mary College,msmc.edu
Mount Saint Marys University,msmu.edu
Mount St Joseph University,msj.edu
Mount St Marys University,msmary.edu
Mount Vernon Nazarene University,mvnu.edu
Muhlenberg College,muhlenberg.edu
Multnomah University,multnomah.edu
Murray State University,murraystate.edu
Muskingum University,muskingum.edu
Naropa University,naropa.edu
National Louis University,nl.edu
Navarra University Of,unav.es
Nazarene Bible College,nbc.edu
Nazareth College,naz.edu
Nebraska Christian College,nechristian.edu
Nebraska Methodist College,methodistcollege.edu
Nebraska Wesleyan University,nebrwesleyan.edu
Neumann University,neumann.edu
Neumont College Of Computer Science,neumont.edu
Nevada State College,nsc.edu
New College Florida,ncf.edu
New England College,nec.edu
New England Conservatory Of Music,necmusic.edu
New England Institute Technology,neit.edu
New Hampshire Institute Art,nhia.edu
New Hope Christian College,newhope.edu
New Jersey City University,njcu.edu
New Jersey Institute Technology,njit.edu
New Mexico Highlands University,nmhu.edu
New Mexico Institute Of Mining And Technology,nmt.edu
New Mexico State University,nmsu.edu
New School,newschool.edu
New School Of Architecture And Design,newschoolarch.edu
New York Institute Technology Nyit,nyit.edu
New York School Of Interior Design,nysid.edu
New York University,nyu.edu
Newberry College,newberry.edu
Newberry College,newberry.edu
Newbury College,newbury.edu
Newman University,newmanu.edu
Niagara University,niagara.edu
Nicholls State University,nicholls.edu
Nichols College,nichols.edu
Norfolk State University,nsu.edu
North Carolina Central University,nccu.edu
North Carolina State University,ncsu.edu
North Carolina State University,ncat.edu
North Carolina Wesleyan College,ncwc.edu
North Central College,noctrl.edu
North Central University,northcentral.edu
North Dakota State University,ndsu.edu
North Greenville University,ngu.edu
North Park University,northpark.edu
Northeastern Illinois University,neiu.edu
Northeastern State University,nsuok.edu
Northern Arizona University,nau.edu
Northern Illinois University,niu.edu
Northern Kentucky University,nku.edu
Northern Michigan University,nmu.edu
Northern State University,northern.edu
Northern Vermont University,NorthernVermont.edu
Northern Vermont University Johnson Campus,jsc.edu
Northland College,northland.edu
Northwest Christian University,nwcu.edu
Northwest Missouri State University,nwmissouri.edu
Northwest Nazarene University,nnu.edu
Northwest University,northwestu.edu
Northwestern College,nwciowa.edu
Northwestern Oklahoma State University,nwosu.edu
Northwestern State University Of Louisiana,nsula.edu
Northwestern University,northwestern.edu
Northwestern University Qatar,qatar.northwestern.edu
Northwood University,northwood.edu
Northwood University Michigan Campus,northwood.edu
Norwich University,norwich.edu
Notre Dame De Namur University,ndnu.edu
Notre Dame Of Maryland University,ndm.edu
Nova Scotia College Of Art And Design,nscad.ca
Nova Southeastern University,nova.edu
Nyack College,nyack.edu
Oak Hills Christian College,oakhills.edu
Oakland City University,oak.edu
Oakland University,oakland.edu
Oakwood University,oakwood.edu
Oberlin College Arts And Sciences,oberlin.edu
Oberlin Conservatory Music,oberlin.edu
Occidental College,oxy.edu
Oglethorpe University,oglethorpe.edu
Ohio Dominican University,ohiodominican.edu
Ohio Northern University,onu.edu
Ohio University,ohio.edu
Ohio Valley University,ovu.edu
Ohio Wesleyan University,owu.edu
Oklahoma Baptist University,okbu.edu
Oklahoma Christian University,oc.edu
Oklahoma City University,okcu.edu
Oklahoma City University,okcu.edu
Oklahoma Panhandle State University,opsu.edu
Oklahoma State University,okstate.edu
Oklahoma Wesleyan University,okwu.edu
Old Dominion University,odu.edu
Ole Miss University Mississippi,olemiss.edu
Olivet College,olivetcollege.edu
Olivet Nazarene University,olivet.edu
Oral Roberts University,oru.edu
Oregon College Of Art And Craft,ocac.edu
Oregon Institute Of Technology,oit.edu
Oregon State University,oregonstate.edu
Otis College Art And Design,otis.edu
Ottawa University,ottawa.edu
Otterbein University,otterbein.edu
Ouachita Baptist University,obu.edu
Our Lady Of The Lake University,ollusa.edu
Pace University,pace.edu
Pacific Lutheran University,plu.edu
Pacific Northwest College Of Art,pnca.edu
Pacific Oaks College,pacificoaks.edu
Pacific Union College,puc.edu
Pacific University Oregon,pacificu.edu
Paier College Of Art,snet.net
Paine College,paine.edu
Palm Beach Atlantic University,pba.edu
Park University,park.edu
Parsons The New School For Design,newschool.edu
Patrick Henry College,phc.edu
Paul Quinn College,pqc.edu
Paul Smiths College,paulsmiths.edu
Peirce College,peirce.edu
Penn State,psu.edu
Pennsylvania Academy Fine Arts,pafa.edu
Pennsylvania College Of Technology,pct.edu
Pennsylvania State Erie The Behrend College,psu.edu
Pennsylvania State University Abington,psu.edu
Pennsylvania State University Altoona,psu.edu
Pennsylvania State University Beaver,psu.edu
Pennsylvania State University Berks,psu.edu
Pennsylvania State University Brandywine,psu.edu
Pennsylvania State University Dubois Campus,psu.edu
Pennsylvania State University Fayette,psu.edu
Pennsylvania State University Greater Allegheny,psu.edu
Pennsylvania State University Harrisburg,psu.edu
Pennsylvania State University Hazleton,psu.edu
Pennsylvania State University Lehigh Valley,psu.edu
Pennsylvania State University Mont Alto,psu.edu
Pennsylvania State University New Kensington,psu.edu
Pennsylvania State University Schuylkill,psu.edu
Pennsylvania State University Shenango,psu.edu
Pennsylvania State University Wilkes Barre Campus,psu.edu
Pennsylvania State University Worthington Scranton,psu.edu
Pennsylvania State University York,psu.edu
Pepperdine University,pepperdine.edu
Peru State College,peru.edu
Pfeiffer University,pfeiffer.edu
Philander Smith College,philander.edu
Piedmont College,piedmont.edu
Piedmont International University,piedmontu.edu
Pine Manor College,pmc.edu
Pittsburg State University,pittstate.edu
Pitzer College,pitzer.edu
Plymouth State University,plymouth.edu
Plymouth State University,plymouth.edu
Point Loma Nazarene University,pointloma.edu
Point Park University,pointpark.edu
Point University,point.edu
Polk State College,polk.edu
Polytechnic University Of Puerto Rico,pupr.edu
Pomona College,pomona.edu
Pontifical Catholic University Of Puerto Rico Ponce,pucpr.edu
Pontifical College Josephinum,pcj.edu
Portland State University,pdx.edu
Potomac University Of The,potomac.edu
Prairie View Am University,pvamu.edu
Pratt Institute,pratt.edu
Presbyterian College,presby.edu
Prescott College,prescott.edu
Presentation College,presentation.edu
Princeton University,princeton.edu
Principia College,principia.edu
Providence College,providence.edu
Purdue University Fort Wayne,pfw.edu
Purdue University Northwest,pnw.edu
Queens University Canada,queensu.ca
Queens University Charlotte,queens.edu
Quest University Canada,questu.ca
Quincy University,quincy.edu
Quinnipiac University,qu.edu
Radford University,radford.edu
Ramapo College New Jersey,ramapo.edu
Randolph College,randolphcollege.edu
Randolph Macon College,rmc.edu
Reed College,reed.edu
Regent University,regent.edu
Regis College,regiscollege.edu
Regis University,regis.edu
Reinhardt University,reinhardt.edu
Rensselaer Polytechnic Institute,rpi.edu
Research College Of Nursing,researchcollege.edu
Resurrection University,resu.edu
Rhode Island College,ric.edu
Rhode Island School Design,risd.edu
Rhodes College,rhodes.edu
Rhodes College,rhodes.edu
Rice University,rice.edu
Rider University,rider.edu
Riga Business School,rbs.lv
Ringling College Art And Design,ringling.edu
Ripon College,ripon.edu
Ritsumeikan Asia Pacific University,apu.ac.jp
Rivier University,rivier.edu
Roanoke College,roanoke.edu
Robert Morris University,robertmorris.edu
Robert Morris University Pa,rmu.edu
Roberts Wesleyan College,roberts.edu
Rochester College,rc.edu
Rochester Institute Technology,rit.edu
Rockford University,rockford.edu
Rockhurst University,rockhurst.edu
Rocky Mountain College,rocky.edu
Rocky Mountain College Of Art And Design,rmcad.edu
Roger Williams University,rwu.edu
Rogers State University,rsu.edu
Rollins College,rollins.edu
Roosevelt University,roosevelt.edu
Rose Hulman Institute Technology,rose-hulman.edu
Rosemont College,rosemont.edu
Rowan University,rowan.edu
Rush University,rush.edu
Rust College,rustcollege.edu
Rutgers The State University Of New Jersey Camden,camden.rutgers.edu
Rutgers The State University Of New Jersey New Brunswick,ugadm.rutgers.edu
Rutgers The State University Of New Jersey Newark,admissions.rutgers.edu
Ryerson University,ryerson.ca
Sacred Heart Major Seminary,shms.edu
Sacred Heart University,sacredheart.edu
Sage Colleges,sage.edu
Saginaw Valley State University,svsu.edu
Sagu American Indian College,sagu.edu
Saint Anselm College,anselm.edu
Saint Augustines University,st-aug.edu
Saint Francis University,francis.edu
Saint Josephs College Maine,sjcme.edu
Saint Josephs University,sju.edu
Saint Leo University,saintleo.edu
Saint Louis University,slu.edu
Saint Louis University Madrid Campus Spain,slu.edu
Saint Martins University,stmartin.edu
Saint Mary Woods College,smwc.edu
Saint Marys College,saintmarys.edu
Saint Marys College California,stmarys-ca.edu
Saint Marys University Minnesota,smumn.edu
Saint Michaels College,smcvt.edu
Saint Peters University,saintpeters.edu
Saint Vincent College,stvincent.edu
Saint Xavier University,sxu.edu
Salem College,salem.edu
Salem State University,salemstate.edu
Salisbury University,salisbury.edu
Salve Regina University,salve.edu
Sam Houston State University,shsu.edu
Samford University,samford.edu
San Diego Christian College,sdcc.edu
San Diego State University,sdsu.edu
San Francisco Art Institute,sfai.edu
San Francisco Conservatory Of Music,sfcm.edu
San Francisco State University,sfsu.edu
San Jose State University,sjsu.edu
Santa Clara University,scu.edu
Sarah Lawrence College,sarahlawrence.edu
Savannah College Art And Design,scad.edu
Savannah State University,savannahstate.edu
School Art Institute Chicago,saic.edu
School Of The Museum Of Fine Arts Boston,tufts.edu
School Of Visual Arts,sva.edu
Schreiner University,schreiner.edu
Scripps College,scrippscollege.edu
Seattle Pacific University,spu.edu
Seattle University,seattleu.edu
Seton Hall University,shu.edu
Seton Hill University,setonhill.edu
Sewanee,sewanee.edu
Shasta Bible College And Graduate School,shasta.edu
Shaw University,shawu.edu
Shawnee State University,shawnee.edu
Shenandoah University,su.edu
Shepherd University,shepherd.edu
Shippensburg University Of Pennsylvania,ship.edu
Shorter University,shorter.edu
Siena College,siena.edu
Siena Heights University,sienaheights.edu
Sierra Nevada College,sierranevada.edu
Silver Lake College,sl.edu
Simmons University,simmons.edu
Simon Fraser University,sfu.ca
Simpson College,simpson.edu
Simpson University,simpsonu.edu
Skidmore College,skidmore.edu
Slippery Rock University Of Pennsylvania,sru.edu
Smith College,smith.edu
Soka University of America,soka.edu
Sonoma State University,sonoma.edu
South Carolina State University,scsu.edu
South Dakota School Of Mines And Technology,sdsmt.edu
South Dakota State University,sdstate.edu
Southeast Missouri State University,semo.edu
Southeastern Baptist Theological Seminary,sebts.edu
Southeastern Louisiana University,southeastern.edu
Southeastern Oklahoma State University,se.edu
Southeastern University,seu.edu
Southern Adventist University,southern.edu
Southern Arkansas University,saumag.edu
Southern California Institute of Architecture,sciarc.edu
Southern Connecticut State University,southernct.edu
Southern Connecticut State University,southernct.edu
Southern Illinois University Carbondale,siu.edu
Southern Illinois University Edwardsville,siue.edu
Southern Methodist University,smu.edu
Southern Nazarene University,snu.edu
Southern New Hampshire University,snhu.edu
Southern Oregon University,sou.edu
Southern University And Am College,subr.edu
Southern University At New Orleans,suno.edu
Southern Utah University,suu.edu
Southern Vermont College,svc.edu
Southern Virginia University,svu.edu
Southern Wesleyan University,swu.edu
Southwest Baptist University,sbuniv.edu
Southwest Minnesota State University,smsu.edu
Southwest University Of Visual Arts,suva.edu
Southwestern Adventist University,swau.edu
Southwestern Assemblies Of God University,sagu.edu
Southwestern Christian University,swcu.edu
Southwestern College,sckans.edu
Southwestern Oklahoma State University,swosu.edu
Southwestern University,southwestern.edu
Spalding University,spalding.edu
Spelman College,spelman.edu
Spring Arbor University,arbor.edu
Spring Hill College,shc.edu
Springfield College,springfieldcollege.edu
St Ambrose University,sau.edu
St Andrews University,sa.edu
St Anthony College Of Nursing,sacn.edu
St Bonaventure University,sbu.edu
St Catherine University,stkate.edu
St Cloud State University,stcloudstate.edu
St Edwards University,stedwards.edu
St Francis College,sfc.edu
St Francis Medical Center College Of Nursing,osfhealthcare.org
St John Fisher College,sjfc.edu
St Johns College,sjc.edu
St Johns College,sjc.edu
St Johns College Md,sjc.edu
St Johns University,stjohns.edu
St Josephs College Brooklyn,sjcny.edu
St Josephs College Brooklyn Campus,sjcny.edu
St Josephs College Long Island Campus,sjcny.edu
St Josephs College New York Long Island,sjcny.edu
St Lawrence University,stlawu.edu
St Louis Christian College,stlchristian.edu
St Louis College Pharmacy,stlcop.edu
St Marys College,smcm.edu
St Marys University Of San Antonio,stmarytx.edu
St Norbert College,snc.edu
St Olaf College,stolaf.edu
St Petersburg College,spcollege.edu
St Thomas Aquinas College,stac.edu
St Thomas University,stu.edu
St Thomas University,stu.ca
St Thomas University,stu.ca
Stanford University,stanford.edu
Stephen F Austin State University,sfasu.edu
Stephens College,stephens.edu
Sterling College,sterlingcollege.edu
Sterling College,sterling.edu
Stetson University,stetson.edu
Stevens Institute Technology,stevens.edu
Stevenson University,stevenson.edu
Stillman College,stillman.edu
Stockton University,stockton.edu
Stonehill College,stonehill.edu
Suffolk University,suffolk.edu
Sul Ross State University,sulross.edu
Sungkyunkwan University,skku.edu
Suny Alfred State College,alfredstate.edu
Suny Binghamton University,binghamton.edu
Suny Buffalo State College,buffalostate.edu
Suny Cobleskill,cobleskill.edu
Suny College Brockport,brockport.edu
Suny College Environmental Science Forestry,esf.edu
Suny College Geneseo,geneseo.edu
Suny College Old Westbury,oldwestbury.edu
Suny College Oneonta,oneonta.edu
Suny College Technology Canton,canton.edu
Suny Cortland,cortland.edu
Suny Delhi,delhi.edu
Suny Empire State College,esc.edu
Suny Farmingdale State College,farmingdale.edu
Suny Fredonia,fredonia.edu
Suny Korea,sunykorea.ac.kr
Suny Maritime College,sunymaritime.edu
Suny Morrisville State College,morrisville.edu
Suny New Paltz,newpaltz.edu
Suny Oswego,oswego.edu
Suny Plattsburgh,plattsburgh.edu
Suny Polytechnic Institute,sunyit.edu
Suny Potsdam,potsdam.edu
Suny Purchase College,purchase.edu
Suny Stony Brook University,stonybrook.edu
Suny University Albany,albany.edu
Suny University Buffalo,buffalo.edu
Susquehanna University,susqu.edu
Swarthmore College,swarthmore.edu
Sweet Briar College,sbc.edu
Syracuse University,syr.edu
Tabor College,tabor.edu
Talladega College,talladega.edu
Tarleton State University,tarleton.edu
Taylor University,taylor.edu
Temple University,temple.edu
Temple University Japan Campus,tuj.temple.edu
Tennessee State University,tnstate.edu
Tennessee Technological University,tntech.edu
Tennessee Wesleyan University,tnwesleyan.edu
Texas Am International University,tamiu.edu
Texas Am University College Station,tamu.edu
Texas Am University Commerce,tamuc.edu
Texas Am University Corpus Christi,tamucc.edu
Texas Am University Kingsville,tamuk.edu
Texas Am University Texarkana,tamut.edu
Texas Christian University,tcu.edu
Texas College,texascollege.edu
Texas Lutheran University,tlu.edu
Texas Lutheran University,tlu.edu
Texas Southern University,tsu.edu
Texas State University,txstate.edu
Texas Tech University,ttu.edu
Texas University Of The Rio Grande Valley,utrgv.edu
Texas Wesleyan University,txwes.edu
Texas Womans University,twu.edu
The American College Of Greece,acg.edu
The American University In Cairo,aucegypt.edu
The Boston Conservatory,berklee.edu
The Citadel,citadel.edu
The College Of Idaho,collegeofidaho.edu
The College Of St Rose,mail.strose.edu
The Kings College,tkc.edu
The Masters University And Seminary,masters.edu
The New School College Of Performing Arts,newschool.edu
The Sage Colleges,sage.edu
The University Of Alabama,ua.edu
The University Of Alabama Huntsville,uah.edu
The University Of British Columbia,ubc.ca
The University Of Montana,umontana.edu
The University Of Montana Western,umwestern.edu
The University Of Mount Olive,umo.edu
The University Of New Mexico,unm.edu
The University Of Texas Of The Permian Basin,utpb.edu
The University Of The Arts,uarts.edu
The University Of Utah,utah.edu
Thiel College,thiel.edu
Thomas Aquinas College,thomasaquinas.edu
Thomas College,thomas.edu
Thomas Edison State University,tesu.edu
Thomas More College,thomasmore.edu
Thomas University,thomasu.edu
Tiffin University,tiffin.edu
Toccoa Falls College,tfc.edu
Tougaloo College,tougaloo.edu
Touro College,adminm.touro.edu
Towson University,towson.edu
Transylvania University,transy.edu
Trevecca Nazarene University,trevecca.edu
Trine University,trine.edu
Trinity Baptist College,tbc.edu
Trinity Christian College,trnty.edu
Trinity College,trincoll.edu
Trinity College Of Florida,trinitycollege.edu
Trinity College Of Nursing Health Sciences,trinitycollegeqc.edu
Trinity International University,tiu.edu
Trinity University,trinity.edu
Trinity Washington University,trinitydc.edu
Troy University,troy.edu
Truett Mcconnell University,truett.edu
Truman State University,truman.edu
Tufts University,tufts.edu
Tulane University,tulane.edu
Tusculum College,tusculum.edu
Tusculum University,tusculum.edu
Tuskegee University,mytu.tuskegee.edu
Underwood International College Yonsei University,yonsei.ac.kr
Union College,union.edu
Union College,unionky.edu
Union College,ucollege.edu
Union Institute University,myunion.edu
Union University,uu.edu
United States Air Force Academy,usafa.edu
United States Coast Guard Academy,uscga.edu
United States Merchant Marine Academy,usmma.edu
United States Military Academy,usma.edu
United States Naval Academy,usna.edu
Unity College,unity.edu
Universidad Adventista De Las Antillas,uaa.edu
Universidad Carlos Iii De Madrid,uc3m.es
Universidad Del Este Une,suagm.edu
Universidad Del Sagrado Corazon,sagrado.edu
Universidad Del Turabo,suagm.edu
University Of Advancing Technology,uat.edu
University Of Akron Main Campus,uakron.edu
University Of Alabama Birmingham Uab,uab.edu
University Of Alaska Anchorage,alaska.edu
University Of Alaska Fairbanks,uaf.edu
University Of Alaska Southeast,uas.alaska.edu
University Of Alberta,ualberta.ca
University Of Arizona,arizona.edu
University Of Arkansas,uark.edu
University Of Arkansas At Fort Smith,uafs.edu
University Of Arkansas At Little Rock,ualr.edu
University Of Arkansas At Monticello,uamont.edu
University Of Arkansas At Pine Bluff,uapb.edu
University Of Baltimore,ubalt.edu
University Of Bridgeport,bridgeport.edu
University Of Calgary,ucalgary.ca
University Of California At Merced,ucmerced.edu
University Of California Davis,ucdavis.edu
University Of California Irvine,uci.edu
University Of California Riverside,ucr.edu
University Of California Santa Barbara,sa.ucsb.edu
University Of California Santa Cruz,ucsc.edu
University Of Central Arkansas,uca.edu
University Of Central Florida,ucf.edu
University Of Central Missouri,ucmo.edu
University Of Central Oklahoma,uco.edu
University Of Charleston,ucwv.edu
University Of Chicago,uchicago.edu
University Of Cincinnati,uc.edu
University Of Cincinnati Blue Ash College And Clermont College,ucblueash.edu
University Of Cincinnati Clermont College,uc.edu
University Of College Dublin,ucd.ie
University Of Colorado Boulder,colorado.edu
University Of Colorado Colorado Springs,uccs.edu
University Of Colorado Denver,ucdenver.edu
University Of Connecticut,uconn.edu
University Of Dallas,udallas.edu
University Of Dallas,udallas.edu
University Of Dayton,udayton.edu
University Of Delaware,udel.edu
University Of Denver,du.edu
University Of Detroit Mercy,udmercy.edu
University Of Dubuque,dbq.edu
University Of East London,uel.ac.uk
University Of Evansville,evansville.edu
University Of Findlay,findlay.edu
University Of Florida,admissions.ufl.edu
University Of Georgia,uga.edu
University Of Guam,triton.uog.edu
University Of Guelph,uoguelph.ca
University Of Hartford,hartford.edu
University Of Hawaii At Hilo,hawaii.edu
University Of Hawaii At Manoa,hawaii.edu
University Of Hawaii West Oahu,hawaii.edu
University Of Holy Cross,uhcno.edu
University Of Hong Kong,hku.hk
University Of Houston,uh.edu
University Of Houston Clear Lake,uhcl.edu
University Of Houston Downtown,uhd.edu
University Of Houston Victoria,uhv.edu
University Of Idaho,uidaho.edu
University Of Idaho,uidaho.edu
University Of Illinois At Chicago,uic.edu
University Of Illinois Chicago,uic.edu
University Of Illinois Springfield,uis.edu
University Of Indianapolis,uindy.edu
University Of Iowa,uiowa.edu
University Of Jamestown,uj.edu
University Of Kansas,ku.edu
University Of Kentucky,uky.edu
University Of La Verne,laverne.edu
University Of Lethbridge,uleth.ca
University Of Limerick,ul.ie
University Of Louisiana At Lafayette,louisiana.edu
University Of Louisiana At Monroe,ulm.edu
University Of Louisville,louisville.edu
University Of Lynchburg,lynchburg.edu
University Of Maine,maine.edu
University Of Maine At Augusta,maine.edu
University Of Maine Augusta,maine.edu
University Of Maine Farmington,maine.edu
University Of Maine Fort Kent,maine.edu
University Of Maine Machias,maine.edu
University Of Maine Presque Isle,maine.edu
University Of Maine Presque Isle,maine.edu
University Of Mary,umary.edu
University Of Mary Hardin Baylor,umhb.edu
University Of Mary Washington,umw.edu
University Of Maryland Baltimore County,umbc.edu
University Of Maryland Eastern Shore,umes.edu
University Of Maryland University College,umuc.edu
University Of Massachusetts Boston,umb.edu
University Of Massachusetts Boston,umb.edu
University Of Massachusetts Dartmouth,umassd.edu
University Of Massachusetts Lowell,uml.edu
University Of Memphis,memphis.edu
University Of Miami,miami.edu
University Of Michigan Dearborn,umich.edu
University Of Michigan Flint,umflint.edu
University Of Michigan Shanghai Jiao Tong University Of Joint Institute,sjtu.edu.cn
University Of Minnesota At Crookston,umn.edu
University Of Minnesota Duluth,d.umn.edu
University Of Minnesota Morris,morris.umn.edu
University Of Minnesota Rochester,r.umn.edu
University Of Minnesota Twin Cities,umn.edu
University Of Missouri,missouri.edu
University Of Missouri Columbia,missouri.edu
University Of Missouri Kansas City,umkc.edu
University Of Missouri St Louis,umsl.edu
University Of Mobile,umobile.edu
University Of Montevallo,montevallo.edu
University Of Mount Union,mountunion.edu
University Of Nebraska Kearney,unk.edu
University Of Nebraska Lincoln,unl.edu
University Of Nebraska Omaha,unomaha.edu
University Of Nevada Las Vegas Unlv,unlv.edu
University Of Nevada Reno,unr.edu
University Of New England,une.edu
University Of New Hampshire,unh.edu
University Of New Hampshire,unh.edu
University Of New Haven,newhaven.edu
University Of New Orleans,uno.edu
University Of North Alabama,una.edu
University Of North Carolina Asheville,unca.edu
University Of North Carolina At Pembroke,uncp.edu
University Of North Carolina Chapel Hill,admissions.unc.edu
University Of North Carolina Charlotte,uncc.edu
University Of North Carolina Greensboro,uncg.edu
University Of North Carolina School Of The Arts,uncsa.edu
University Of North Carolina Wilmington,uncw.edu
University Of North Dakota,und.edu
University Of North Florida,unf.edu
University Of North Georgia,ung.edu
University Of North Texas,unt.edu
University Of Northern Colorado,unco.edu
University Of Northern Iowa,uni.edu
University Of Northwestern St Paul,unwsp.edu
University Of Notre Dame,nd.edu
University Of Oklahoma,ou.edu
University Of Oregon,uoregon.edu
University Of Pacific,pacific.edu
University Of Pennsylvania,admissions.upenn.edu
University Of Pikeville,upike.edu
University Of Pittsburgh,pitt.edu
University Of Pittsburgh At Bradford,pitt.edu
University Of Pittsburgh At Greensburg,pitt.edu
University Of Pittsburgh At Johnstown,pitt.edu
University Of Portland,up.edu
University Of Providence,uprovidence.edu
University Of Puerto Rico Arecibo,upr.edu
University Of Puerto Rico Bayamon,upr.edu
University Of Puerto Rico Ponce,upr.edu
University Of Puget Sound,pugetsound.edu
University Of Redlands,redlands.edu
University Of Rhode Island,uri.edu
University Of Richmond,richmond.edu
University Of Rio Grande,rio.edu
University Of Rochester,admissions.rochester.edu
University Of Saint Francis Fort Wayne Indiana,sf.edu
University Of Saint Joseph,usj.edu
University Of San Diego,sandiego.edu
University Of San Francisco,usfca.edu
University Of Saskatchewan,usask.ca
University Of Science And Arts Of Oklahoma,usao.edu
University Of Sciences,usciences.edu
University Of Scranton,scranton.edu
University Of Sioux Falls,usiouxfalls.edu
University Of South Alabama,southalabama.edu
University Of South Carolina Aiken,usca.edu
University Of South Carolina Beaufort,uscb.edu
University Of South Carolina Columbia,sc.edu
University Of South Carolina Upstate,uscupstate.edu
University Of South Dakota,usd.edu
University Of South Florida,usf.edu
University Of South Florida Sarasota Manatee,sar.usf.edu
University Of Southern Indiana,usi.edu
University Of Southern Maine,maine.edu
University Of Southern Mississippi,usm.edu
University Of St Francis Il,stfrancis.edu
University Of St Mary,stmary.edu
University Of St Thomas,stthom.edu
University Of St Thomas Mn,stthomas.edu
University Of Tampa,ut.edu
University Of Tennessee At Chattanooga,utc.edu
University Of Tennessee At Martin,utm.edu
University Of Tennessee Knoxville,utk.edu
University Of Texas At Arlington,uta.edu
University Of Texas At Dallas,utdallas.edu
University Of Texas At El Paso,utep.edu 
University Of Texas At San Antonio,utsa.edu
University Of Texas At Tyler,uttyler.edu
University Of The Cumberlands,ucumberlands.edu
University Of The District Of Columbia,udc.edu
University Of The Incarnate Word,uiwtx.edu
University Of The Ozarks,ozarks.edu
University Of The Pacific,pacific.edu
University Of The Southwest,usw.edu
University Of The Virgin Islands,uvi.edu
University Of Toledo,utoledo.edu
University Of Toronto,utoronto.ca
University Of Tulsa,utulsa.edu
University Of Vermont,uvm.edu
University Of Virginia,virginia.edu
University Of Virginias College Wise,uvawise.edu
University Of Washington Bothell,uw.edu
University Of Washington Tacoma,uw.edu
University Of West,uwest.edu
University Of West Alabama,uwa.edu
University Of West Florida,uwf.edu
University Of West Georgia,westga.edu
University Of Windsor,uwindsor.ca
University Of Wisconsin Eau Claire,uwec.edu
University Of Wisconsin Green Bay,uwgb.edu
University Of Wisconsin La Crosse,uwlax.edu
University Of Wisconsin Milwaukee,uwm.edu
University Of Wisconsin Oshkosh,uwosh.edu
University Of Wisconsin Parkside,uwp.edu
University Of Wisconsin Platteville,uwplatt.edu
University Of Wisconsin River Falls,uwrf.edu
University Of Wisconsin Stevens Point,uwsp.edu
University Of Wisconsin Stout,uwstout.edu
University Of Wisconsin Superior,uwsuper.edu
University Of Wisconsin Whitewater,uww.edu
University Of Wyoming,uwyo.edu
Upper Iowa University,uiu.edu
Urbana University ,urbana.edu
Ursinus College,ursinus.edu
Ursuline College,ursuline.edu
Utah State University,usu.edu
Utah Valley University,uvu.edu
Utica College,utica.edu
Valdosta State University,valdosta.edu
Valley City State University,vcsu.edu
Valparaiso University,valpo.edu
Vanderbilt University,vanderbilt.edu
Vandercook College Of Music,vandercook.edu
Vanguard University Of Southern California,vanguard.edu
Vassar College,vassar.edu
Vaughn College Of Aeronautics And Technology,vaughn.edu
Vermont Technical College,vtc.edu
Villanova University,villanova.edu
Virginia Commonwealth University,vcu.edu
Virginia Military Institute,vmi.edu
Virginia Polytechnic Institute And State University,vt.edu
Virginia State University,vsu.edu
Virginia Union University,vuu.edu
Virginia University Of Lynchburg,vul.edu
Virginia Wesleyan University,vwu.edu
Viterbo University,viterbo.edu
Voorhees College,voorhees.edu
Wabash College,wabash.edu
Wagner College,wagner.edu
Wake Forest University,wfu.edu
Waldorf University,waldorf.edu
Walla Walla University,wallawalla.edu
Walsh University,walsh.edu
Warner Pacific University,warnerpacific.edu
Warner Pacific University,warnerpacific.edu
Warner University,warner.edu
Warren Wilson College,warren-wilson.edu
Wartburg College,wartburg.edu
Washburn University,washburn.edu
Washington Adventist University,wau.edu
Washington And Lee University,wlu.edu
Washington College,washcoll.edu
Washington College,washcoll.edu
Washington Jefferson College,washjeff.edu
Washington State University,wsu.edu
Washington University of St Louis,wustl.edu
Watkins College Art Design Film,watkins.edu
Wayland Baptist University,wbu.edu
Wayne State College,wsc.edu
Wayne State University,wayne.edu
Waynesburg University,waynesburg.edu
Webb Institute,webb.edu
Webber International University,webber.edu
Weber State University,weber.edu
Webster University,webster.edu
Welch College,welch.edu
Wellesley College,wellesley.edu
Wells College,wells.edu
Wentworth Institute Technology,wit.edu
Wesley College,wesley.edu
Wesleyan College,wesleyancollege.edu
Wesleyan University,wesleyan.edu
West Chester University,wcupa.edu
West Liberty University,westliberty.edu
West Texas Am University,wtamu.edu
West Virginia State University,wvstateu.edu
West Virginia University,mail.wvu.edu
West Virginia University,mail.wvu.edu
West Virginia University Institute Of Technology,mail.wvu.edu
West Virginia University Parkersburg,wvup.edu
West Virginia Wesleyan College,wvwc.edu
Western Carolina University,wcu.edu
Western Connecticut State University,wcsu.edu
Western Illinois University,wiu.edu
Western Kentucky University,wku.edu
Western Michigan University,wmich.edu
Western Michigan University,wmich.edu
Western New England University,wne.edu
Western New Mexico University,wnmu.edu
Western Oregon University,wou.edu
Western State Colorado University,western.edu
Western State Colorado University,western.edu
Western University,uwo.ca
Western Washington University,wwu.edu
Westfield State University,westfield.ma.edu
Westminster College,westminster.edu
Westminster College Missouri,westminster-mo.edu
Westminster College Utah,westminstercollege.edu
Westmont College,westmont.edu
Wheaton College Il,wheaton.edu
Wheaton College Massachusetts,wheatoncollege.edu
Wheeling Jesuit University,wju.edu
Whitman College,whitman.edu
Whittier College,whittier.edu
Whitworth University,whitworth.edu
Wichita State University,wichita.edu
Widener University,widener.edu
Wilberforce University,wilberforce.edu
Wilkes Honors College,fau.edu
Wilkes University,wilkes.edu
Willamette University,willamette.edu
William Carey University,wmcarey.edu
William Jessup University,jessup.edu
William Jewell College,william.jewell.edu
William Paterson University Nj,wpunj.edu
William Peace University,peace.edu
William Penn University,wmpenn.edu
William Woods University,williamwoods.edu
Williams Baptist College,wbcoll.edu
Williams College,williams.edu
Wilmington College,wilmington.edu
Wilmington University,wilmu.edu
Wilson College,wilson.edu
Wingate University,wingate.edu
Winona State University,winona.edu
Winston Salem State University,wssu.edu
Winthrop University,winthrop.edu
Wisconsin Lutheran College,wlc.edu
Wittenberg University,wittenberg.edu
Wofford College,wofford.edu
Woodbury University,woodbury.edu
Worcester Polytechnic Institute,wpi.edu
Worcester State University,worcester.edu
Wright State University,wright.edu
Wright State University Lake Campus,wright.edu
Wyoming Catholic College,wyomingcatholiccollege.com
Xavier University,xavier.edu
Xavier University,xula.edu
Xavier University Of Louisiana,xula.edu
Yale Nus College,yale-nus.edu.sg
Yale University,yale.edu
Yeshiva University,yu.edu
York College,ycp.edu
York College,york.edu
York University,yorku.ca
Young Harris College,yhc.edu
Youngstown State University,ysu.edu